,User,Date Created,Number of Likes,Number of Replies,Number of Retweets,Language,Tweet,Retweet Source,Quoted Source,Mentioned Users
0,MartinSFP,2022-12-12 23:59:59+00:00,2,0,2,en,Here we go .. FTX‚Äôs Sam Bankman-Fried said to be arrested in the Bahamas https://t.co/UQkh0gWXOr,,,
1,HODLingFool,2022-12-12 23:59:59+00:00,1,0,0,qme,@TheEricNorris @SBF_FTX https://t.co/iHBED38TX0,,,"[User(username='TheEricNorris', id=1170159319, displayname='Lord Norris üè∞', description=None, rawDescription=None, descriptionUrls=None, verified=None, created=None, followersCount=None, friendsCount=None, statusesCount=None, favouritesCount=None, listedCount=None, mediaCount=None, location=None, protected=None, linkUrl=None, linkTcourl=None, profileImageUrl=None, profileBannerUrl=None, label=None), User(username='SBF_FTX', id=1110877798820777986, displayname='SBF', description=None, rawDescription=None, descriptionUrls=None, verified=None, created=None, followersCount=None, friendsCount=None, statusesCount=None, favouritesCount=None, listedCount=None, mediaCount=None, location=None, protected=None, linkUrl=None, linkTcourl=None, profileImageUrl=None, profileBannerUrl=None, label=None)]"
2,0xNeuronik,2022-12-12 23:59:59+00:00,0,0,0,en,@danielgothits @iamDCinvestor @SBF_FTX On point!,,,"[User(username='danielgothits', id=141784177, displayname='danielgothits', description=None, rawDescription=None, descriptionUrls=None, verified=None, created=None, followersCount=None, friendsCount=None, statusesCount=None, favouritesCount=None, listedCount=None, mediaCount=None, location=None, protected=None, linkUrl=None, linkTcourl=None, profileImageUrl=None, profileBannerUrl=None, label=None), User(username='iamDCinvestor', id=956670268596015105, displayname='DCinvestor.eth ‚åê‚ó®-‚ó®', description=None, rawDescription=None, descriptionUrls=None, verified=None, created=None, followersCount=None, friendsCount=None, statusesCount=None, favouritesCount=None, listedCount=None, mediaCount=None, location=None, protected=None, linkUrl=None, linkTcourl=None, profileImageUrl=None, profileBannerUrl=None, label=None), User(username='SBF_FTX', id=1110877798820777986, displayname='SBF', description=None, rawDescription=None, descriptionUrls=None, verified=None, created=None, followersCount=None, friendsCount=None, statusesCount=None, favouritesCount=None, listedCount=None, mediaCount=None, location=None, protected=None, linkUrl=None, linkTcourl=None, profileImageUrl=None, profileBannerUrl=None, label=None)]"
3,Michele91500774,2022-12-12 23:59:59+00:00,0,0,0,en,SBF arrested right before he has to testify in front of Congress? #FTX https://t.co/s8XfkoUVGN,,https://twitter.com/SDNYnews/status/1602451395910803457,
4,VaultedPolitics,2022-12-12 23:59:59+00:00,81,3,16,en,"BREAKING NEWS üö®üö®

FTX FOUNDER SAM BANKMAN-FRIED HAS BEEN CAPTURED IN THE BAHAMAS",,,
5,ProudAmericanAZ,2022-12-12 23:59:59+00:00,0,1,0,en,FTX Sam Banan -Fried arrest in the Bahamas today! #breaking #Crypto #ftx #fraud,,,
6,Philast1,2022-12-12 23:59:58+00:00,1,0,0,en,Odds on #SBF_FTX actually making it to US soil? #FTXbankruptcy #FTXScandal #FTX #Crypto,,,
7,NoooobNoob1,2022-12-12 23:59:58+00:00,0,0,0,und,.@RepMaxineWaters .@MaxineWaters #FTXScam #SBF_FTX https://t.co/C1bww2OF8S,,https://twitter.com/CryptoKaleo/status/1602119622135881729,"[User(username='RepMaxineWaters', id=36686040, displayname='Maxine Waters', description=None, rawDescription=None, descriptionUrls=None, verified=None, created=None, followersCount=None, friendsCount=None, statusesCount=None, favouritesCount=None, listedCount=None, mediaCount=None, location=None, protected=None, linkUrl=None, linkTcourl=None, profileImageUrl=None, profileBannerUrl=None, label=None), User(username='MaxineWaters', id=3166120541, displayname='Maxine Waters', description=None, rawDescription=None, descriptionUrls=None, verified=None, created=None, followersCount=None, friendsCount=None, statusesCount=None, favouritesCount=None, listedCount=None, mediaCount=None, location=None, protected=None, linkUrl=None, linkTcourl=None, profileImageUrl=None, profileBannerUrl=None, label=None)]"
8,digital_trav,2022-12-12 23:59:58+00:00,0,0,0,en,@bennyjohnson @elonmusk One day please release a list of which democrats he 'donated' monies to. That initially got him out of a subpeona  because he was 'overbooked'. So please do just for us all and release some FTX emails and tweets.,,,"[User(username='bennyjohnson', id=15212187, displayname='Benny Johnson', description=None, rawDescription=None, descriptionUrls=None, verified=None, created=None, followersCount=None, friendsCount=None, statusesCount=None, favouritesCount=None, listedCount=None, mediaCount=None, location=None, protected=None, linkUrl=None, linkTcourl=None, profileImageUrl=None, profileBannerUrl=None, label=None), User(username='elonmusk', id=44196397, displayname='Elon Musk', description=None, rawDescription=None, descriptionUrls=None, verified=None, created=None, followersCount=None, friendsCount=None, statusesCount=None, favouritesCount=None, listedCount=None, mediaCount=None, location=None, protected=None, linkUrl=None, linkTcourl=None, profileImageUrl=None, profileBannerUrl=None, label=None)]"
9,RandalStephensx,2022-12-12 23:59:58+00:00,0,0,0,en,@SBF_FTX @tier10k LMFAO,,,"[User(username='SBF_FTX', id=1110877798820777986, displayname='SBF', description=None, rawDescription=None, descriptionUrls=None, verified=None, created=None, followersCount=None, friendsCount=None, statusesCount=None, favouritesCount=None, listedCount=None, mediaCount=None, location=None, protected=None, linkUrl=None, linkTcourl=None, profileImageUrl=None, profileBannerUrl=None, label=None), User(username='tier10k', id=2361601055, displayname='db', description=None, rawDescription=None, descriptionUrls=None, verified=None, created=None, followersCount=None, friendsCount=None, statusesCount=None, favouritesCount=None, listedCount=None, mediaCount=None, location=None, protected=None, linkUrl=None, linkTcourl=None, profileImageUrl=None, profileBannerUrl=None, label=None)]"
10,AEdge0420,2022-12-12 23:59:58+00:00,1,2,0,en,"Merry Christmas, everyone! üéÑüéÅ
#SBF_FTX #Crypto #fraud
https://t.co/OOrgXeoEL4",,,
11,erraggy,2022-12-12 23:59:57+00:00,0,0,0,en,@SBF_FTX Oops https://t.co/SGZhjILb3t,,,"[User(username='SBF_FTX', id=1110877798820777986, displayname='SBF', description=None, rawDescription=None, descriptionUrls=None, verified=None, created=None, followersCount=None, friendsCount=None, statusesCount=None, favouritesCount=None, listedCount=None, mediaCount=None, location=None, protected=None, linkUrl=None, linkTcourl=None, profileImageUrl=None, profileBannerUrl=None, label=None)]"
12,PANAGOT,2022-12-12 23:59:57+00:00,0,0,0,qme,@DegenerateNews @SBF_FTX https://t.co/cDPqiCJbou,,,"[User(username='DegenerateNews', id=1505874016761831430, displayname='DEGEN NEWS üóûÔ∏è', description=None, rawDescription=None, descriptionUrls=None, verified=None, created=None, followersCount=None, friendsCount=None, statusesCount=None, favouritesCount=None, listedCount=None, mediaCount=None, location=None, protected=None, linkUrl=None, linkTcourl=None, profileImageUrl=None, profileBannerUrl=None, label=None), User(username='SBF_FTX', id=1110877798820777986, displayname='SBF', description=None, rawDescription=None, descriptionUrls=None, verified=None, created=None, followersCount=None, friendsCount=None, statusesCount=None, favouritesCount=None, listedCount=None, mediaCount=None, location=None, protected=None, linkUrl=None, linkTcourl=None, profileImageUrl=None, profileBannerUrl=None, label=None)]"
13,DxvidMxthews,2022-12-12 23:59:57+00:00,0,1,0,en,"WOW ! Here I was sitting enjoying my chicken noodle soup when my timelines floods with the news of @SBF_FTX finally getting arrested. 

Christmas has come early. 
#ftx",,,"[User(username='SBF_FTX', id=1110877798820777986, displayname='SBF', description=None, rawDescription=None, descriptionUrls=None, verified=None, created=None, followersCount=None, friendsCount=None, statusesCount=None, favouritesCount=None, listedCount=None, mediaCount=None, location=None, protected=None, linkUrl=None, linkTcourl=None, profileImageUrl=None, profileBannerUrl=None, label=None)]"
14,SchumanKimm,2022-12-12 23:59:56+00:00,1,0,1,en,"JUST IN: Sam Bankman-Fried Has Been Arrested 

On December 12, 2022, the Office of the Attorney General of The Bahamas is announcing the arrest by The Royal Bahamas Police Force of Sam Bankman-Fried (‚ÄúSBF‚Äù), former CEO of FTX.
What the Hell took so long? https://t.co/8Y9sIhS8Kv",,,
15,jfortenbaugh,2022-12-12 23:59:56+00:00,0,0,0,und,@BeatinTheBookie @SBF_FTX ü§£,,,"[User(username='BeatinTheBookie', id=2807680549, displayname='BeatinTheBookie.com¬ÆÔ∏è', description=None, rawDescription=None, descriptionUrls=None, verified=None, created=None, followersCount=None, friendsCount=None, statusesCount=None, favouritesCount=None, listedCount=None, mediaCount=None, location=None, protected=None, linkUrl=None, linkTcourl=None, profileImageUrl=None, profileBannerUrl=None, label=None), User(username='SBF_FTX', id=1110877798820777986, displayname='SBF', description=None, rawDescription=None, descriptionUrls=None, verified=None, created=None, followersCount=None, friendsCount=None, statusesCount=None, favouritesCount=None, listedCount=None, mediaCount=None, location=None, protected=None, linkUrl=None, linkTcourl=None, profileImageUrl=None, profileBannerUrl=None, label=None)]"
16,_axtone,2022-12-12 23:59:56+00:00,2,1,0,es,@arturfilio Te ves muy bien! En especial sin el FTX jajja,,,"[User(username='arturfilio', id=898627364917321728, displayname='Arturo Filio üá≤üáΩ', description=None, rawDescription=None, descriptionUrls=None, verified=None, created=None, followersCount=None, friendsCount=None, statusesCount=None, favouritesCount=None, listedCount=None, mediaCount=None, location=None, protected=None, linkUrl=None, linkTcourl=None, profileImageUrl=None, profileBannerUrl=None, label=None)]"
17,Richard_TBrown,2022-12-12 23:59:56+00:00,0,0,0,en,@PolymarketHQ will you make a poll to see if @SBF_FTX will get epsteined?,,,"[User(username='PolymarketHQ', id=1261335549215989760, displayname='Polymarket', description=None, rawDescription=None, descriptionUrls=None, verified=None, created=None, followersCount=None, friendsCount=None, statusesCount=None, favouritesCount=None, listedCount=None, mediaCount=None, location=None, protected=None, linkUrl=None, linkTcourl=None, profileImageUrl=None, profileBannerUrl=None, label=None), User(username='SBF_FTX', id=1110877798820777986, displayname='SBF', description=None, rawDescription=None, descriptionUrls=None, verified=None, created=None, followersCount=None, friendsCount=None, statusesCount=None, favouritesCount=None, listedCount=None, mediaCount=None, location=None, protected=None, linkUrl=None, linkTcourl=None, profileImageUrl=None, profileBannerUrl=None, label=None)]"
18,Crypto_Peps,2022-12-12 23:59:55+00:00,0,0,0,qme,@SBF_FTX @tier10k https://t.co/KtwifZmVOp,,,"[User(username='SBF_FTX', id=1110877798820777986, displayname='SBF', description=None, rawDescription=None, descriptionUrls=None, verified=None, created=None, followersCount=None, friendsCount=None, statusesCount=None, favouritesCount=None, listedCount=None, mediaCount=None, location=None, protected=None, linkUrl=None, linkTcourl=None, profileImageUrl=None, profileBannerUrl=None, label=None), User(username='tier10k', id=2361601055, displayname='db', description=None, rawDescription=None, descriptionUrls=None, verified=None, created=None, followersCount=None, friendsCount=None, statusesCount=None, favouritesCount=None, listedCount=None, mediaCount=None, location=None, protected=None, linkUrl=None, linkTcourl=None, profileImageUrl=None, profileBannerUrl=None, label=None)]"
19,MatthewGunnin,2022-12-12 23:59:55+00:00,1,0,0,en,"Guess he won‚Äôt be making senate hearing now 
@SBF_FTX #arrested https://t.co/AnvN8gXONn",,,"[User(username='SBF_FTX', id=1110877798820777986, displayname='SBF', description=None, rawDescription=None, descriptionUrls=None, verified=None, created=None, followersCount=None, friendsCount=None, statusesCount=None, favouritesCount=None, listedCount=None, mediaCount=None, location=None, protected=None, linkUrl=None, linkTcourl=None, profileImageUrl=None, profileBannerUrl=None, label=None)]"
20,KeepsItCrypto,2022-12-12 23:59:55+00:00,2,1,0,en,"@SBF_FTX @tier10k Get you a BF that knows how to make toilet wine  üç∑  

you'll be alright üëç https://t.co/Mxc3VhlWuF",,,"[User(username='SBF_FTX', id=1110877798820777986, displayname='SBF', description=None, rawDescription=None, descriptionUrls=None, verified=None, created=None, followersCount=None, friendsCount=None, statusesCount=None, favouritesCount=None, listedCount=None, mediaCount=None, location=None, protected=None, linkUrl=None, linkTcourl=None, profileImageUrl=None, profileBannerUrl=None, label=None), User(username='tier10k', id=2361601055, displayname='db', description=None, rawDescription=None, descriptionUrls=None, verified=None, created=None, followersCount=None, friendsCount=None, statusesCount=None, favouritesCount=None, listedCount=None, mediaCount=None, location=None, protected=None, linkUrl=None, linkTcourl=None, profileImageUrl=None, profileBannerUrl=None, label=None)]"
21,NewsPolitics,2022-12-12 23:59:54+00:00,10,2,1,en,Disgraced FTX founder Sam Bankman-Fried arrested in The Bahamas after apparent charges filed in US  https://t.co/HRfWhP50Vl,,,
22,DBCrypt0,2022-12-12 23:59:54+00:00,36,3,2,en,"üö®BREAKINGüö® 

SBF has been arrested in Bahamas after US filed criminal charges!

#SBF_FTX #FTXScandal #FTXScam https://t.co/lpUM7CJDAM",,,
23,KathyCybele,2022-12-12 23:59:54+00:00,0,1,0,en,"""Dec 12 (Reuters) - The Bahamas police have arrested former FTX CEO Sam Bankman-Fried... The Bahamas has received formal notification from the United States of criminal charges against him.""
https://t.co/EoL6N6Aia0",,,
24,OscarSalguero,2022-12-12 23:59:53+00:00,10,3,4,es,"El estafador de creep-to, Sam Bankrun-Fraud, CEO de FTX es arrestado en Bahamas y pronto ser√° deportado a USA. https://t.co/s15Z2nFxsw",,https://twitter.com/molly0xFFF/status/1602449112468967425,
25,Shadowbanthis1,2022-12-12 23:59:52+00:00,1,0,0,en,@Cernovich @SBF_FTX I think you were counting? How's that going for you?,,,"[User(username='Cernovich', id=358545917, displayname='Cernovich', description=None, rawDescription=None, descriptionUrls=None, verified=None, created=None, followersCount=None, friendsCount=None, statusesCount=None, favouritesCount=None, listedCount=None, mediaCount=None, location=None, protected=None, linkUrl=None, linkTcourl=None, profileImageUrl=None, profileBannerUrl=None, label=None), User(username='SBF_FTX', id=1110877798820777986, displayname='SBF', description=None, rawDescription=None, descriptionUrls=None, verified=None, created=None, followersCount=None, friendsCount=None, statusesCount=None, favouritesCount=None, listedCount=None, mediaCount=None, location=None, protected=None, linkUrl=None, linkTcourl=None, profileImageUrl=None, profileBannerUrl=None, label=None)]"
26,YeYintNFTs,2022-12-12 23:59:52+00:00,0,0,0,qme,@SBF_FTX @valueandtime https://t.co/TlPVAwCtju,,,"[User(username='SBF_FTX', id=1110877798820777986, displayname='SBF', description=None, rawDescription=None, descriptionUrls=None, verified=None, created=None, followersCount=None, friendsCount=None, statusesCount=None, favouritesCount=None, listedCount=None, mediaCount=None, location=None, protected=None, linkUrl=None, linkTcourl=None, profileImageUrl=None, profileBannerUrl=None, label=None), User(username='valueandtime', id=1293237781628702726, displayname='Daniel Mate√∂', description=None, rawDescription=None, descriptionUrls=None, verified=None, created=None, followersCount=None, friendsCount=None, statusesCount=None, favouritesCount=None, listedCount=None, mediaCount=None, location=None, protected=None, linkUrl=None, linkTcourl=None, profileImageUrl=None, profileBannerUrl=None, label=None)]"
27,JoelKatz,2022-12-12 23:59:52+00:00,6,11,0,en,"@zeus_one_ Ukraine never sent any money to FTX.
FTX sent money to Ukraine.",,,"[User(username='zeus_one_', id=1202120462785867776, displayname='ZEUS_ONE_', description=None, rawDescription=None, descriptionUrls=None, verified=None, created=None, followersCount=None, friendsCount=None, statusesCount=None, favouritesCount=None, listedCount=None, mediaCount=None, location=None, protected=None, linkUrl=None, linkTcourl=None, profileImageUrl=None, profileBannerUrl=None, label=None)]"
28,ealmirall,2022-12-12 23:59:51+00:00,1,0,0,es,El fundador de FTX arrestado üëâ ¬øqu√© implicaciones tendr√° para el mundo crypto? üëáüëáüëá https://t.co/HafnyFRVsj,,https://twitter.com/nytimes/status/1602452759365783561,
29,VikrantChimnani,2022-12-12 23:59:51+00:00,0,0,0,en,Dean Faraday Leopold Grace #FTX #Ë∂≥ÁêÉ #‰∫öÂçö‰ΩìËÇ≤ https://t.co/Z0WWEcktpW,,,
30,JSchimberg,2022-12-12 23:59:51+00:00,0,0,0,en,"@AlternateJones And, if you really think our opinion will change in 2-5 years, or that Elon will change/do something that might spur that change, I've got some investments in FTX to sell you....",,,"[User(username='AlternateJones', id=394626603, displayname='AJ', description=None, rawDescription=None, descriptionUrls=None, verified=None, created=None, followersCount=None, friendsCount=None, statusesCount=None, favouritesCount=None, listedCount=None, mediaCount=None, location=None, protected=None, linkUrl=None, linkTcourl=None, profileImageUrl=None, profileBannerUrl=None, label=None)]"
31,davescheurer,2022-12-12 23:59:50+00:00,0,0,0,en,SBF arrested‚Ä¶finally. #FTX #SBF #FTXbankruptcy #BREAKING_NEWS https://t.co/pRYC5saQ9h,,,
32,Darkz_3D,2022-12-12 23:59:50+00:00,2,0,0,en,"@0xPompadous @zerohedge @carolinecapital I want to see fear in their eyes. 

I want @SBF_FTX and @carolinecapital to be so scared that they wish they NEVER EVER EVER touched one cent of their customers funds. 

Their punishment should set a strong example for all those corrupt funds managers.

ENOUGH IS ENOUGH.",,,"[User(username='0xPompadous', id=1474833903894638605, displayname='Chilla', description=None, rawDescription=None, descriptionUrls=None, verified=None, created=None, followersCount=None, friendsCount=None, statusesCount=None, favouritesCount=None, listedCount=None, mediaCount=None, location=None, protected=None, linkUrl=None, linkTcourl=None, profileImageUrl=None, profileBannerUrl=None, label=None), User(username='zerohedge', id=18856867, displayname='zerohedge', description=None, rawDescription=None, descriptionUrls=None, verified=None, created=None, followersCount=None, friendsCount=None, statusesCount=None, favouritesCount=None, listedCount=None, mediaCount=None, location=None, protected=None, linkUrl=None, linkTcourl=None, profileImageUrl=None, profileBannerUrl=None, label=None), User(username='carolinecapital', id=1368514414505193475, displayname='Caroline', description=None, rawDescription=None, descriptionUrls=None, verified=None, created=None, followersCount=None, friendsCount=None, statusesCount=None, favouritesCount=None, listedCount=None, mediaCount=None, location=None, protected=None, linkUrl=None, linkTcourl=None, profileImageUrl=None, profileBannerUrl=None, label=None), User(username='SBF_FTX', id=1110877798820777986, displayname='SBF', description=None, rawDescription=None, descriptionUrls=None, verified=None, created=None, followersCount=None, friendsCount=None, statusesCount=None, favouritesCount=None, listedCount=None, mediaCount=None, location=None, protected=None, linkUrl=None, linkTcourl=None, profileImageUrl=None, profileBannerUrl=None, label=None), User(username='carolinecapital', id=1368514414505193475, displayname='Caroline', description=None, rawDescription=None, descriptionUrls=None, verified=None, created=None, followersCount=None, friendsCount=None, statusesCount=None, favouritesCount=None, listedCount=None, mediaCount=None, location=None, protected=None, linkUrl=None, linkTcourl=None, profileImageUrl=None, profileBannerUrl=None, label=None)]"
33,NoorShahzada00,2022-12-12 23:59:50+00:00,0,0,0,en,"ToDay;;News--?
the bahamas police have arrested former FTX CEO Sam Bankman-Fried.",,,
34,CurtisSChin,2022-12-12 23:59:50+00:00,3,1,0,en,"#Bahamas üáßüá∏ #DevelopingStory #arresteddevelopment #crypto #SBF_FTX 

Sam Bankman-Fried, former CEO of onetime #cryptocurrency giant #FTX &amp; trading firm #Alameda Research, has been #arrested in the Bahamas, the Bahamas Attorney General's Office announced.

https://t.co/TnN65aVHJV",,,
35,patriot_shan,2022-12-12 23:59:50+00:00,0,0,0,tr,"SBF arrested!! #FTX 

https://t.co/xI0vhSPvWz",,,
36,xtraamediaa,2022-12-12 23:59:50+00:00,0,0,0,en,JUST IN: Former FTX CEO Sam Bankman-Fried was just arrested in the Bahamas! https://t.co/k0DvtYT1lv,,,
37,DigarwalShubham,2022-12-12 23:59:49+00:00,0,0,0,de,Rebecca Vogt Joan Eve #‰ΩìÂΩ© #FTX #ÂºÄ‰∫ë‰ΩìËÇ≤ https://t.co/BspuzXWRLg,,,
38,IsisWise,2022-12-12 23:59:49+00:00,35,2,12,en,"FTX went on a ""spending binge"" from late 2021-2022 when ""$5 billion was spent buying businesses &amp; investments, many may be worth only a fraction of what was paid for them,"" the firm made more than $1 billion in ""loans &amp; other payments to insiders."" 
/2 https://t.co/JTMGUPpS0K https://t.co/pFN0R3OHIZ",,,
39,Shakeelr,2022-12-12 23:59:49+00:00,0,0,0,en,So no testimony anymore? #SBF_FTX,,,
40,marikakatanuma,2022-12-12 23:59:49+00:00,6,0,3,ja,"FTX„ÅÆ„Éê„É≥„ÇØ„Éû„É≥„Éï„É™„Éº„ÉâÊ∞è„Çí„Éê„Éè„Éû„ÅßÊãòÊùü„Åó„Åü„Å®„ÄÅ„Éê„Éè„ÉûÂè∏Ê≥ïÈï∑ÂÆò„ÅåÂ£∞Êòé„ÅßÁô∫Ë°®„Åó„Åæ„Åó„Åü„ÄÇ

Á±≥ÂΩìÂ±Ä„ÅåÂêåÊ∞è„ÇíÂàë‰∫ãË®¥ËøΩ„Åó„Åü„Å®„Åó„Å¶„ÅÑ„Åæ„Åô„ÄÇ https://t.co/98ENt1m9Bq",,https://twitter.com/annmarie/status/1602450342465224704,
41,ChainLinkGod,2022-12-12 23:59:49+00:00,2,0,0,en,"@EndTimesBanter @SBF_FTX Lol, this is a troll right",,,"[User(username='EndTimesBanter', id=1481809526546436098, displayname=""Diogenes O'Sinope"", description=None, rawDescription=None, descriptionUrls=None, verified=None, created=None, followersCount=None, friendsCount=None, statusesCount=None, favouritesCount=None, listedCount=None, mediaCount=None, location=None, protected=None, linkUrl=None, linkTcourl=None, profileImageUrl=None, profileBannerUrl=None, label=None), User(username='SBF_FTX', id=1110877798820777986, displayname='SBF', description=None, rawDescription=None, descriptionUrls=None, verified=None, created=None, followersCount=None, friendsCount=None, statusesCount=None, favouritesCount=None, listedCount=None, mediaCount=None, location=None, protected=None, linkUrl=None, linkTcourl=None, profileImageUrl=None, profileBannerUrl=None, label=None)]"
42,nftchessclub,2022-12-12 23:59:48+00:00,3,0,0,en,Breaking news: Grotesque pig-boy @SBF_FTX has been captured.,,,"[User(username='SBF_FTX', id=1110877798820777986, displayname='SBF', description=None, rawDescription=None, descriptionUrls=None, verified=None, created=None, followersCount=None, friendsCount=None, statusesCount=None, favouritesCount=None, listedCount=None, mediaCount=None, location=None, protected=None, linkUrl=None, linkTcourl=None, profileImageUrl=None, profileBannerUrl=None, label=None)]"
43,Nitin45005925,2022-12-12 23:59:48+00:00,0,0,0,en,Wendy Patience Sid Stephen #‰ΩìÂΩ© #FTX #‰∏ñÁïåÊùØ‰∏ãÊ≥® https://t.co/dFFReUs10F,,,
44,HXRTrade,2022-12-12 23:59:48+00:00,1,0,0,en,"The story is coming to an end, they may talk the debt, the cause of the problem, and compensating FTX users... but who is responsible for the Traders' losses? We lost a whole rebound window in the PAST 30 DAYS! https://t.co/BzN37jM39D",,https://twitter.com/zerohedge/status/1602449501284868097,
45,risingcandle,2022-12-12 23:59:47+00:00,1,0,0,en,"üö®BREAKINGüö®

Sam Bankman-Fried by Bahamian Authorities. US to request extradition.

#FTXScandal #ftx #sbf #SBF_FTX https://t.co/OwSy2h9PzR",,,
46,escander007,2022-12-12 23:59:47+00:00,0,0,0,und,R. I. P @SBF_FTX https://t.co/pDNJeKhLKP,,https://twitter.com/BanklessHQ/status/1602449614292062208,"[User(username='SBF_FTX', id=1110877798820777986, displayname='SBF', description=None, rawDescription=None, descriptionUrls=None, verified=None, created=None, followersCount=None, friendsCount=None, statusesCount=None, favouritesCount=None, listedCount=None, mediaCount=None, location=None, protected=None, linkUrl=None, linkTcourl=None, profileImageUrl=None, profileBannerUrl=None, label=None)]"
47,SteveRGrill,2022-12-12 23:59:47+00:00,1,0,0,en,@Lancegooden @SBF_FTX Dude you havent even been to ‚Äúthe office‚Äù in months. I hope your staff has all your comments prepared for you to robotically read.,,,"[User(username='Lancegooden', id=1029094268542099457, displayname='Lance Gooden', description=None, rawDescription=None, descriptionUrls=None, verified=None, created=None, followersCount=None, friendsCount=None, statusesCount=None, favouritesCount=None, listedCount=None, mediaCount=None, location=None, protected=None, linkUrl=None, linkTcourl=None, profileImageUrl=None, profileBannerUrl=None, label=None), User(username='SBF_FTX', id=1110877798820777986, displayname='SBF', description=None, rawDescription=None, descriptionUrls=None, verified=None, created=None, followersCount=None, friendsCount=None, statusesCount=None, favouritesCount=None, listedCount=None, mediaCount=None, location=None, protected=None, linkUrl=None, linkTcourl=None, profileImageUrl=None, profileBannerUrl=None, label=None)]"
48,OptionBit_Trade,2022-12-12 23:59:47+00:00,0,0,0,en,@KeithMcCullough Live shot of #SBF_FTX arrest. https://t.co/NaxP5WuhPu,,,"[User(username='KeithMcCullough', id=18378349, displayname='Keith McCullough', description=None, rawDescription=None, descriptionUrls=None, verified=None, created=None, followersCount=None, friendsCount=None, statusesCount=None, favouritesCount=None, listedCount=None, mediaCount=None, location=None, protected=None, linkUrl=None, linkTcourl=None, profileImageUrl=None, profileBannerUrl=None, label=None)]"
49,feral_hayden,2022-12-12 23:59:47+00:00,3,0,0,en,@Jason @SBF_FTX Mic drop*,,,"[User(username='Jason', id=3840, displayname='@jason', description=None, rawDescription=None, descriptionUrls=None, verified=None, created=None, followersCount=None, friendsCount=None, statusesCount=None, favouritesCount=None, listedCount=None, mediaCount=None, location=None, protected=None, linkUrl=None, linkTcourl=None, profileImageUrl=None, profileBannerUrl=None, label=None), User(username='SBF_FTX', id=1110877798820777986, displayname='SBF', description=None, rawDescription=None, descriptionUrls=None, verified=None, created=None, followersCount=None, friendsCount=None, statusesCount=None, favouritesCount=None, listedCount=None, mediaCount=None, location=None, protected=None, linkUrl=None, linkTcourl=None, profileImageUrl=None, profileBannerUrl=None, label=None)]"
50,JackPosobiec,2022-12-12 23:59:47+00:00,6067,514,1143,en,"BREAKING: Disgraced FTX crypto bro Sam Bankman-Fried ARRESTED in Bahamas, criminal charges filed in US - will be extradited 

https://t.co/rtvoveZ3pG",,,
51,HeywoodJ14,2022-12-12 23:59:45+00:00,1,0,0,en,"@Jason @SBF_FTX Yes, he should die in prison.",,,"[User(username='Jason', id=3840, displayname='@jason', description=None, rawDescription=None, descriptionUrls=None, verified=None, created=None, followersCount=None, friendsCount=None, statusesCount=None, favouritesCount=None, listedCount=None, mediaCount=None, location=None, protected=None, linkUrl=None, linkTcourl=None, profileImageUrl=None, profileBannerUrl=None, label=None), User(username='SBF_FTX', id=1110877798820777986, displayname='SBF', description=None, rawDescription=None, descriptionUrls=None, verified=None, created=None, followersCount=None, friendsCount=None, statusesCount=None, favouritesCount=None, listedCount=None, mediaCount=None, location=None, protected=None, linkUrl=None, linkTcourl=None, profileImageUrl=None, profileBannerUrl=None, label=None)]"
52,Lord_Hodl_,2022-12-12 23:59:45+00:00,0,0,0,en,@crypto_bitlord7 Wonder how much crypto Tyrone lost in ftx,,,"[User(username='crypto_bitlord7', id=1343224146658914304, displayname='Crypto Bitlord üá¶üá∫', description=None, rawDescription=None, descriptionUrls=None, verified=None, created=None, followersCount=None, friendsCount=None, statusesCount=None, favouritesCount=None, listedCount=None, mediaCount=None, location=None, protected=None, linkUrl=None, linkTcourl=None, profileImageUrl=None, profileBannerUrl=None, label=None)]"
53,MarketUpdates7,2022-12-12 23:59:43+00:00,0,1,0,en,"@mtns2ocean @BomsteinRick For crypto FTX collapse, Luna collapse, etc etc is on power with MBS collapse of 2008",,,"[User(username='mtns2ocean', id=293320072, displayname='mountains to oceans.', description=None, rawDescription=None, descriptionUrls=None, verified=None, created=None, followersCount=None, friendsCount=None, statusesCount=None, favouritesCount=None, listedCount=None, mediaCount=None, location=None, protected=None, linkUrl=None, linkTcourl=None, profileImageUrl=None, profileBannerUrl=None, label=None), User(username='BomsteinRick', id=1106959667702444032, displayname='Rick Bomstein', description=None, rawDescription=None, descriptionUrls=None, verified=None, created=None, followersCount=None, friendsCount=None, statusesCount=None, favouritesCount=None, listedCount=None, mediaCount=None, location=None, protected=None, linkUrl=None, linkTcourl=None, profileImageUrl=None, profileBannerUrl=None, label=None)]"
54,SteveSaikatai,2022-12-12 23:59:43+00:00,0,0,0,fr,"Cette personne a explicitement avertit du danger #FTXScandal #SBF_FTX sous serment au congr√®s et personne ne l'a ecout√© car elle n'√©tait pas de gauche.
Et les m√©dias mainstream US n'en parlent pas Tout comme CNN et MSNBC √©vitent les #TwitterFiles

https://t.co/OmVUxd8ajS",,,
55,RossowEsq,2022-12-12 23:59:43+00:00,4,0,0,en,"Our legal landscape is about to get very heated as the beginning stages of accountability start to surface with #FTX scandal and the latest move by the AG of The Bahamas. 

Fasten your seatbelts folks and watch legal precedent start to take form.",,,
56,Sdot_Junior,2022-12-12 23:59:43+00:00,0,0,0,en,@LadeBackk @SBF_FTX It's all a show,,,"[User(username='LadeBackk', id=1007989022478819328, displayname='LADE BACKK', description=None, rawDescription=None, descriptionUrls=None, verified=None, created=None, followersCount=None, friendsCount=None, statusesCount=None, favouritesCount=None, listedCount=None, mediaCount=None, location=None, protected=None, linkUrl=None, linkTcourl=None, profileImageUrl=None, profileBannerUrl=None, label=None), User(username='SBF_FTX', id=1110877798820777986, displayname='SBF', description=None, rawDescription=None, descriptionUrls=None, verified=None, created=None, followersCount=None, friendsCount=None, statusesCount=None, favouritesCount=None, listedCount=None, mediaCount=None, location=None, protected=None, linkUrl=None, linkTcourl=None, profileImageUrl=None, profileBannerUrl=None, label=None)]"
57,AstroCryptoGuru,2022-12-12 23:59:43+00:00,53,7,4,en,"Excellent !

FTX founder Sam Bankman-Fried arrested in the Bahamas after U.S. files criminal charges https://t.co/QBWvwxEr3y",,,
58,mightmite455,2022-12-12 23:59:42+00:00,0,0,0,en,@MetaGuyMarduk @FINRA Piggy back FTX tags to stay trending.,,,"[User(username='MetaGuyMarduk', id=1332107687644049414, displayname='MARD√úK the META¬Æ Guyüòé', description=None, rawDescription=None, descriptionUrls=None, verified=None, created=None, followersCount=None, friendsCount=None, statusesCount=None, favouritesCount=None, listedCount=None, mediaCount=None, location=None, protected=None, linkUrl=None, linkTcourl=None, profileImageUrl=None, profileBannerUrl=None, label=None), User(username='FINRA', id=35781013, displayname='FINRA', description=None, rawDescription=None, descriptionUrls=None, verified=None, created=None, followersCount=None, friendsCount=None, statusesCount=None, favouritesCount=None, listedCount=None, mediaCount=None, location=None, protected=None, linkUrl=None, linkTcourl=None, profileImageUrl=None, profileBannerUrl=None, label=None)]"
59,Frank_FUD,2022-12-12 23:59:42+00:00,0,0,0,und,@domainalpha @SBF_FTX üëÄ,,,"[User(username='domainalpha', id=1265710925748805632, displayname='AlphaDeezNuts.eth', description=None, rawDescription=None, descriptionUrls=None, verified=None, created=None, followersCount=None, friendsCount=None, statusesCount=None, favouritesCount=None, listedCount=None, mediaCount=None, location=None, protected=None, linkUrl=None, linkTcourl=None, profileImageUrl=None, profileBannerUrl=None, label=None), User(username='SBF_FTX', id=1110877798820777986, displayname='SBF', description=None, rawDescription=None, descriptionUrls=None, verified=None, created=None, followersCount=None, friendsCount=None, statusesCount=None, favouritesCount=None, listedCount=None, mediaCount=None, location=None, protected=None, linkUrl=None, linkTcourl=None, profileImageUrl=None, profileBannerUrl=None, label=None)]"
60,mervsone24,2022-12-12 23:59:41+00:00,0,0,0,en,@SBF_FTX @elonmusk @TomBrady @CNN faaaawk yeahhhhh https://t.co/4XqH4RKHYG,,,"[User(username='SBF_FTX', id=1110877798820777986, displayname='SBF', description=None, rawDescription=None, descriptionUrls=None, verified=None, created=None, followersCount=None, friendsCount=None, statusesCount=None, favouritesCount=None, listedCount=None, mediaCount=None, location=None, protected=None, linkUrl=None, linkTcourl=None, profileImageUrl=None, profileBannerUrl=None, label=None), User(username='elonmusk', id=44196397, displayname='Elon Musk', description=None, rawDescription=None, descriptionUrls=None, verified=None, created=None, followersCount=None, friendsCount=None, statusesCount=None, favouritesCount=None, listedCount=None, mediaCount=None, location=None, protected=None, linkUrl=None, linkTcourl=None, profileImageUrl=None, profileBannerUrl=None, label=None), User(username='TomBrady', id=1108050829393707008, displayname='Tom Brady', description=None, rawDescription=None, descriptionUrls=None, verified=None, created=None, followersCount=None, friendsCount=None, statusesCount=None, favouritesCount=None, listedCount=None, mediaCount=None, location=None, protected=None, linkUrl=None, linkTcourl=None, profileImageUrl=None, profileBannerUrl=None, label=None), User(username='CNN', id=759251, displayname='CNN', description=None, rawDescription=None, descriptionUrls=None, verified=None, created=None, followersCount=None, friendsCount=None, statusesCount=None, favouritesCount=None, listedCount=None, mediaCount=None, location=None, protected=None, linkUrl=None, linkTcourl=None, profileImageUrl=None, profileBannerUrl=None, label=None)]"
61,Binance_1tader,2022-12-12 23:59:41+00:00,0,0,0,en,FTX allowed trading affiliate Alameda to borrow unlimited¬†funds https://t.co/iD8frZgzFh,,,
62,SaulTrader,2022-12-12 23:59:41+00:00,2,0,0,en,@SarahNEmerson @SBF_FTX Arrest @RepMaxineWaters next!,,,"[User(username='SarahNEmerson', id=25786620, displayname='sarah emerson', description=None, rawDescription=None, descriptionUrls=None, verified=None, created=None, followersCount=None, friendsCount=None, statusesCount=None, favouritesCount=None, listedCount=None, mediaCount=None, location=None, protected=None, linkUrl=None, linkTcourl=None, profileImageUrl=None, profileBannerUrl=None, label=None), User(username='SBF_FTX', id=1110877798820777986, displayname='SBF', description=None, rawDescription=None, descriptionUrls=None, verified=None, created=None, followersCount=None, friendsCount=None, statusesCount=None, favouritesCount=None, listedCount=None, mediaCount=None, location=None, protected=None, linkUrl=None, linkTcourl=None, profileImageUrl=None, profileBannerUrl=None, label=None), User(username='RepMaxineWaters', id=36686040, displayname='Maxine Waters', description=None, rawDescription=None, descriptionUrls=None, verified=None, created=None, followersCount=None, friendsCount=None, statusesCount=None, favouritesCount=None, listedCount=None, mediaCount=None, location=None, protected=None, linkUrl=None, linkTcourl=None, profileImageUrl=None, profileBannerUrl=None, label=None)]"
63,TanviGu64538815,2022-12-12 23:59:41+00:00,0,0,0,en,Heloise Middleton Darcy Malthus #FTX #Ë∂≥ÁêÉ #‰∏ñÁïåÊùØ‰π∞ÁêÉ https://t.co/s8RLsAeddP,,,
64,News_By_Nick,2022-12-12 23:59:41+00:00,3,2,0,en,"Congressman from Texas, Lance Gooden: ""Put @SBF_FTX on a plane to DC tonight! We have a hearing tomorrow and he should testify."" https://t.co/4zFll5QBM1",,https://twitter.com/Lancegooden/status/1602452299783233536,"[User(username='SBF_FTX', id=1110877798820777986, displayname='SBF', description=None, rawDescription=None, descriptionUrls=None, verified=None, created=None, followersCount=None, friendsCount=None, statusesCount=None, favouritesCount=None, listedCount=None, mediaCount=None, location=None, protected=None, linkUrl=None, linkTcourl=None, profileImageUrl=None, profileBannerUrl=None, label=None)]"
65,MarketsMuse,2022-12-12 23:59:40+00:00,0,0,0,en,#FTXarena signage is still up. used to salute return of #BrittneyGriner @SBF_FTX   ok https://t.co/Veh6lkjfYc,,,"[User(username='SBF_FTX', id=1110877798820777986, displayname='SBF', description=None, rawDescription=None, descriptionUrls=None, verified=None, created=None, followersCount=None, friendsCount=None, statusesCount=None, favouritesCount=None, listedCount=None, mediaCount=None, location=None, protected=None, linkUrl=None, linkTcourl=None, profileImageUrl=None, profileBannerUrl=None, label=None)]"
66,_Prometeusz_,2022-12-12 23:59:40+00:00,0,0,0,en,"""FTX founder Sam Bankman-Fried arrested in the Bahamas after U.S. files criminal charges"" ( https://t.co/WokGI4divC )",,,
67,ChauDave,2022-12-12 23:59:40+00:00,2,2,1,en,"#SamBankmanFried was meant to testify (remotely) before the US House of Representatives later today - about the collapse of #FTX.

But he's now been arrested by Bahamas Police -- and in custody...

#Crypto https://t.co/F8e8Xo9aHN",,https://twitter.com/RealSaavedra/status/1602449820765114371,
68,VOAStevenson,2022-12-12 23:59:40+00:00,0,0,0,en,"Former FTX CEO Sam Bankman-Fried has been arrested in the Bahamas, the country‚Äôs Attorney-General said in a statement https://t.co/OXGduKHYXC @BloombergAsia",,,"[User(username='BloombergAsia', id=588261604, displayname='Bloomberg Asia', description=None, rawDescription=None, descriptionUrls=None, verified=None, created=None, followersCount=None, friendsCount=None, statusesCount=None, favouritesCount=None, listedCount=None, mediaCount=None, location=None, protected=None, linkUrl=None, linkTcourl=None, profileImageUrl=None, profileBannerUrl=None, label=None)]"
69,XrPEmbassador,2022-12-12 23:59:40+00:00,0,0,0,en,"üö®BREAKING: @SBF_FTX has been arrested following criminal charges filed by the U.S. 
#XRPHolders #Crypto  #CORRUPTION #SBF_FTX https://t.co/bOAkAetSTx",,,"[User(username='SBF_FTX', id=1110877798820777986, displayname='SBF', description=None, rawDescription=None, descriptionUrls=None, verified=None, created=None, followersCount=None, friendsCount=None, statusesCount=None, favouritesCount=None, listedCount=None, mediaCount=None, location=None, protected=None, linkUrl=None, linkTcourl=None, profileImageUrl=None, profileBannerUrl=None, label=None)]"
70,MartinRBishop,2022-12-12 23:59:39+00:00,2,1,0,en,@da5ch0 @molly0xFFF @SBF_FTX Me neither,,,"[User(username='da5ch0', id=248067870, displayname='‚Äî‚Äî‚Äî‚Äî‚Äî‚Äî‚Äî‚Äî‚Äî‚Äî‚Äî‚Äî‚Äî‚Äî‚Äî‚Äî‚Äî‚Äî‚Äî‚Äî‚Äî‚Äî‚Äî‚Äî‚Äî‚Äî‚Äî‚Äî‚Äî‚Äî‚Äî‚Äî‚Äî‚Äî‚Äî‚Äî‚Äî‚Äî‚Äî‚Äî‚Äî‚Äî‚Äî‚Äî‚Äî‚Äî‚Äî‚ÄîüéÉ', description=None, rawDescription=None, descriptionUrls=None, verified=None, created=None, followersCount=None, friendsCount=None, statusesCount=None, favouritesCount=None, listedCount=None, mediaCount=None, location=None, protected=None, linkUrl=None, linkTcourl=None, profileImageUrl=None, profileBannerUrl=None, label=None), User(username='molly0xFFF', id=545445165, displayname='Molly White', description=None, rawDescription=None, descriptionUrls=None, verified=None, created=None, followersCount=None, friendsCount=None, statusesCount=None, favouritesCount=None, listedCount=None, mediaCount=None, location=None, protected=None, linkUrl=None, linkTcourl=None, profileImageUrl=None, profileBannerUrl=None, label=None), User(username='SBF_FTX', id=1110877798820777986, displayname='SBF', description=None, rawDescription=None, descriptionUrls=None, verified=None, created=None, followersCount=None, friendsCount=None, statusesCount=None, favouritesCount=None, listedCount=None, mediaCount=None, location=None, protected=None, linkUrl=None, linkTcourl=None, profileImageUrl=None, profileBannerUrl=None, label=None)]"
71,Himansh89057115,2022-12-12 23:59:39+00:00,0,0,0,en,Mike Betsy Miles Bradley #FTX #Ë∂≥ÁêÉ #‰∏ñÁïåÊùØÊäïÊ≥® https://t.co/zfkOY8YjWt,,,
72,TylerCoen13,2022-12-12 23:59:38+00:00,2,0,0,en,@Jason @SBF_FTX He‚Äôs going to get away with it,,,"[User(username='Jason', id=3840, displayname='@jason', description=None, rawDescription=None, descriptionUrls=None, verified=None, created=None, followersCount=None, friendsCount=None, statusesCount=None, favouritesCount=None, listedCount=None, mediaCount=None, location=None, protected=None, linkUrl=None, linkTcourl=None, profileImageUrl=None, profileBannerUrl=None, label=None), User(username='SBF_FTX', id=1110877798820777986, displayname='SBF', description=None, rawDescription=None, descriptionUrls=None, verified=None, created=None, followersCount=None, friendsCount=None, statusesCount=None, favouritesCount=None, listedCount=None, mediaCount=None, location=None, protected=None, linkUrl=None, linkTcourl=None, profileImageUrl=None, profileBannerUrl=None, label=None)]"
73,mscher001,2022-12-12 23:59:38+00:00,1,0,0,en,"Shocker 

BREAKING NEWS: Sam Bankman-Fried is ARRESTED in the Bahamas after American prosecutors filed criminal charges against FTX founder¬†
via https://t.co/D9roIwGuZA https://t.co/pFubYsDAu1",,,
74,0xMartinC,2022-12-12 23:59:38+00:00,0,0,0,en,@SBF_FTX @tier10k I want a NFT of his last tweet,,,"[User(username='SBF_FTX', id=1110877798820777986, displayname='SBF', description=None, rawDescription=None, descriptionUrls=None, verified=None, created=None, followersCount=None, friendsCount=None, statusesCount=None, favouritesCount=None, listedCount=None, mediaCount=None, location=None, protected=None, linkUrl=None, linkTcourl=None, profileImageUrl=None, profileBannerUrl=None, label=None), User(username='tier10k', id=2361601055, displayname='db', description=None, rawDescription=None, descriptionUrls=None, verified=None, created=None, followersCount=None, friendsCount=None, statusesCount=None, favouritesCount=None, listedCount=None, mediaCount=None, location=None, protected=None, linkUrl=None, linkTcourl=None, profileImageUrl=None, profileBannerUrl=None, label=None)]"
75,AveryTradess,2022-12-12 23:59:38+00:00,0,1,0,en,"üö® FTX‚Äôs Sam Bankman-Fried Said to Be Arrested in the Bahamas

#ftx",,,
76,SatyamS38992127,2022-12-12 23:59:38+00:00,0,0,0,en,Phil Margery Maxwell Mackintosh #FTX #‰ΩìÂΩ© #ÂºÄ‰∫ë‰ΩìËÇ≤ https://t.co/aQP66TKHb2,,,
77,kittykat484,2022-12-12 23:59:37+00:00,0,0,0,en,ABOUT TINE THEY ARRESTED HIM WHILE LOTS OF INVESTORS LOST MONEYüëøüëøüëøüëøüëøüëøüëøüëøüëøüëøFTX founder Sam Bankman-Fried arrested in Bahamas to face criminal charges in the US: CNBC https://t.co/0zRkG2nwap,,,
78,MichaelLaDue386,2022-12-12 23:59:37+00:00,0,0,0,en,FTX guy will be Epsteined in jail so he cant spill the beans on how this whole thing is a money laundering scam for the elite!!!,,,
79,InternationalN0,2022-12-12 23:59:36+00:00,1,0,0,en,FTX allowed trading affiliate Alameda to borrow unlimited¬†funds https://t.co/8i9ibqL8Ti,,,
80,eth_cg,2022-12-12 23:59:36+00:00,0,0,0,en,"@SBF_FTX @crypto_bitlord7 Huh, is he shilling the @JungleFreaksNFT ?",,,"[User(username='SBF_FTX', id=1110877798820777986, displayname='SBF', description=None, rawDescription=None, descriptionUrls=None, verified=None, created=None, followersCount=None, friendsCount=None, statusesCount=None, favouritesCount=None, listedCount=None, mediaCount=None, location=None, protected=None, linkUrl=None, linkTcourl=None, profileImageUrl=None, profileBannerUrl=None, label=None), User(username='crypto_bitlord7', id=1343224146658914304, displayname='Crypto Bitlord üá¶üá∫', description=None, rawDescription=None, descriptionUrls=None, verified=None, created=None, followersCount=None, friendsCount=None, statusesCount=None, favouritesCount=None, listedCount=None, mediaCount=None, location=None, protected=None, linkUrl=None, linkTcourl=None, profileImageUrl=None, profileBannerUrl=None, label=None), User(username='JungleFreaksNFT', id=295296834, displayname='JUNGLE FREAKS', description=None, rawDescription=None, descriptionUrls=None, verified=None, created=None, followersCount=None, friendsCount=None, statusesCount=None, favouritesCount=None, listedCount=None, mediaCount=None, location=None, protected=None, linkUrl=None, linkTcourl=None, profileImageUrl=None, profileBannerUrl=None, label=None)]"
81,mp3downloads,2022-12-12 23:59:36+00:00,1,0,0,en,Took them long enough‚Ä¶ #SBF_FTX https://t.co/PbskqBBtnr,,,
82,cdorobek,2022-12-12 23:59:36+00:00,0,0,0,en,via @NYTimes: #FTX‚Äôs Sam Bankman-Fried Said to Be Arrested in the Bahamas https://t.co/uNbB1eK2xt,,,"[User(username='nytimes', id=807095, displayname='The New York Times', description=None, rawDescription=None, descriptionUrls=None, verified=None, created=None, followersCount=None, friendsCount=None, statusesCount=None, favouritesCount=None, listedCount=None, mediaCount=None, location=None, protected=None, linkUrl=None, linkTcourl=None, profileImageUrl=None, profileBannerUrl=None, label=None)]"
83,david_ordaz,2022-12-12 23:59:35+00:00,0,0,0,es,"El fundador de FTX, Sam Bankman-Fried, ha sido arrestado en las Bahamas despu√©s de que üá∫üá∏abriera un proceso penal en su contra. https://t.co/Xu4QIqqttg https://t.co/mpA8Yev3mU",,https://twitter.com/david_ordaz/status/1591082317178863617,
84,TeslaMadMax,2022-12-12 23:59:35+00:00,0,0,0,en,@CNBC So @SBF_FTX won't make his committee hearing appointment tomorrow? ü§îü§£,,,"[User(username='CNBC', id=20402945, displayname='CNBC', description=None, rawDescription=None, descriptionUrls=None, verified=None, created=None, followersCount=None, friendsCount=None, statusesCount=None, favouritesCount=None, listedCount=None, mediaCount=None, location=None, protected=None, linkUrl=None, linkTcourl=None, profileImageUrl=None, profileBannerUrl=None, label=None), User(username='SBF_FTX', id=1110877798820777986, displayname='SBF', description=None, rawDescription=None, descriptionUrls=None, verified=None, created=None, followersCount=None, friendsCount=None, statusesCount=None, favouritesCount=None, listedCount=None, mediaCount=None, location=None, protected=None, linkUrl=None, linkTcourl=None, profileImageUrl=None, profileBannerUrl=None, label=None)]"
85,tplusr,2022-12-12 23:59:34+00:00,0,0,0,en,Former @FTX_Official CEO #SamBankmanFried arrested in The Bahamas https://t.co/FByElz5YBH,,,"[User(username='FTX_Official', id=1101264495337365504, displayname='FTX', description=None, rawDescription=None, descriptionUrls=None, verified=None, created=None, followersCount=None, friendsCount=None, statusesCount=None, favouritesCount=None, listedCount=None, mediaCount=None, location=None, protected=None, linkUrl=None, linkTcourl=None, profileImageUrl=None, profileBannerUrl=None, label=None)]"
86,SuggestedNFTs,2022-12-12 23:59:34+00:00,0,0,0,en,"Moments ago, authorities in The Bahamas announced that Sam Bankman-Fried, the Founder of FTX, was arrested. U.S. authorities have filed criminal charges against Bankman-Fried, and authorities plan to extradite him once U.S. officials request it. Governing officials in‚Ä¶ #News https://t.co/2K3wjsJZqP",,,
87,LyndyJacob,2022-12-12 23:59:34+00:00,0,0,0,en,Oh so they arrested Sam Bankman Fried! Good distraction from Covid files that are about to drop!! #FTX,,,
88,NewsNmo,2022-12-12 23:59:34+00:00,13,1,9,ar,"üî¥ ÿπÿßÿ¨ŸÑ
ÿ≥ŸÑÿ∑ÿßÿ™ ÿ¨ÿ≤ÿ± ÿßŸÑÿ®ŸáÿßŸÖÿß ÿ™ÿπŸÑŸÜ ÿßÿπÿ™ŸÇÿßŸÑ ÿ≥ÿßŸÖ ÿ®ÿßŸÜŸÉŸÖÿßŸÜ ŸÅÿ±ÿßŸäÿØ ŸÖÿ§ÿ≥ÿ≥ ÿ®Ÿàÿ±ÿµÿ© FTX ÿ®ŸÜÿßÿ° ÿπŸÑŸâ ÿ∑ŸÑÿ® ŸÖŸÜ ÿßŸÑŸàŸÑÿßŸäÿßÿ™ ÿßŸÑŸÖÿ™ÿ≠ÿØÿ© ŸàŸÖŸÜ ÿßŸÑŸÖŸÇÿ±ÿ± ÿ•ÿµÿØÿßÿ± ŸÑÿßÿ¶ÿ≠ÿ© ÿßŸÑÿßÿ™ŸáÿßŸÖ ÿ∫ÿØÿß.",,,
89,MikeWShell,2022-12-12 23:59:34+00:00,8,1,1,en,FTX founder Sam Bankman-Fried arrested in the Bahamas after U.S. files criminal charges  https://t.co/TOs9h96AQ6,,,
90,Onur4545onur,2022-12-12 23:59:34+00:00,0,0,0,tr,@SBF_FTX Sen bir fahi≈üe √ßocuƒüusun paran yoksa anneni getir bana,,,"[User(username='SBF_FTX', id=1110877798820777986, displayname='SBF', description=None, rawDescription=None, descriptionUrls=None, verified=None, created=None, followersCount=None, friendsCount=None, statusesCount=None, favouritesCount=None, listedCount=None, mediaCount=None, location=None, protected=None, linkUrl=None, linkTcourl=None, profileImageUrl=None, profileBannerUrl=None, label=None)]"
91,CunningNFTNews,2022-12-12 23:59:33+00:00,0,0,0,en,BREAKING: Sam Bankman-Fried Was Just Arrested Over FTX Collapse https://t.co/PfcYlxhu38 #NFT #NFTs #NFTNews,,,
92,ShanchieTrading,2022-12-12 23:59:33+00:00,0,0,0,en,And I definitely agree on the fact what FTX team did was not acceptable by the customers at all.,,,
93,SENDYOURNFT,2022-12-12 23:59:33+00:00,0,0,0,en,BREAKING: Sam Bankman-Fried Was Just Arrested Over FTX Collapse https://t.co/7X166NIWYN #NFTCommunity #NFTGiveaways #NFT,,,
94,_NFTZillion,2022-12-12 23:59:33+00:00,0,0,0,en,BREAKING: Sam Bankman-Fried Was Just Arrested Over FTX Collapse https://t.co/gHmMfwqeEz,,,
95,NFT_Crypto_Arts,2022-12-12 23:59:33+00:00,0,0,0,en,BREAKING: Sam Bankman-Fried Was Just Arrested Over FTX Collapse https://t.co/NHNK7XwIhU,,,
96,rtc_finance_,2022-12-12 23:59:33+00:00,0,0,0,en,SBF is in jail! LFG Finally @SBF_FTX,,,"[User(username='SBF_FTX', id=1110877798820777986, displayname='SBF', description=None, rawDescription=None, descriptionUrls=None, verified=None, created=None, followersCount=None, friendsCount=None, statusesCount=None, favouritesCount=None, listedCount=None, mediaCount=None, location=None, protected=None, linkUrl=None, linkTcourl=None, profileImageUrl=None, profileBannerUrl=None, label=None)]"
97,2DCrypto,2022-12-12 23:59:33+00:00,0,0,0,en,@molly0xFFF @SBF_FTX epic audio embed fail,,,"[User(username='molly0xFFF', id=545445165, displayname='Molly White', description=None, rawDescription=None, descriptionUrls=None, verified=None, created=None, followersCount=None, friendsCount=None, statusesCount=None, favouritesCount=None, listedCount=None, mediaCount=None, location=None, protected=None, linkUrl=None, linkTcourl=None, profileImageUrl=None, profileBannerUrl=None, label=None), User(username='SBF_FTX', id=1110877798820777986, displayname='SBF', description=None, rawDescription=None, descriptionUrls=None, verified=None, created=None, followersCount=None, friendsCount=None, statusesCount=None, favouritesCount=None, listedCount=None, mediaCount=None, location=None, protected=None, linkUrl=None, linkTcourl=None, profileImageUrl=None, profileBannerUrl=None, label=None)]"
98,SumbuBotol,2022-12-12 23:59:33+00:00,0,0,0,en,FTX founder Sam Bankman-Fried arrested in the Bahamas after U.S. files criminal charges https://t.co/1ptQxopdSN,,,
99,bledwine,2022-12-12 23:59:33+00:00,0,0,0,en,FTX LOSER HAS BEEN ARRESTED,,,
100,TruckdashTMS,2022-12-12 23:59:32+00:00,0,0,0,en,FTX‚Äôs Sam Bankman-Fried Said to Be Arrested in the Bahamas https://t.co/jh3PR0YgHr,,,
